-- Identity Service Seed Data — GP-03.1
-- System roles, permissions, and role-permission mappings

-- ─── System Roles ─────────────────────────────────────────────────────────────

INSERT INTO identity.roles (id, name, scope, role_type, description) VALUES
  ('10000000-0000-0000-0000-000000000001', 'PLATFORM_ADMIN', 'PLATFORM', 'SYSTEM', 'Full platform administration access'),
  ('10000000-0000-0000-0000-000000000002', 'PLATFORM_AUDITOR', 'PLATFORM', 'SYSTEM', 'Read-only platform audit access'),
  ('10000000-0000-0000-0000-000000000003', 'TENANT_ADMIN', 'TENANT', 'SYSTEM', 'Full tenant administration access'),
  ('10000000-0000-0000-0000-000000000004', 'TENANT_OPERATOR', 'TENANT', 'SYSTEM', 'Tenant operations access'),
  ('10000000-0000-0000-0000-000000000005', 'TENANT_AUDITOR', 'TENANT', 'SYSTEM', 'Read-only tenant audit access')
ON CONFLICT (name) DO NOTHING;

-- ─── Permissions ──────────────────────────────────────────────────────────────

-- Platform permissions
INSERT INTO identity.permissions (id, identifier, scope, description) VALUES
  ('20000000-0000-0000-0000-000000000001', 'platform.users.read', 'PLATFORM', 'Read platform users'),
  ('20000000-0000-0000-0000-000000000002', 'platform.users.manage', 'PLATFORM', 'Manage platform users'),
  ('20000000-0000-0000-0000-000000000003', 'platform.tenants.read', 'PLATFORM', 'Read tenants'),
  ('20000000-0000-0000-0000-000000000004', 'platform.tenants.create', 'PLATFORM', 'Create tenants'),
  ('20000000-0000-0000-0000-000000000005', 'platform.tenants.lifecycle', 'PLATFORM', 'Manage tenant lifecycle'),
  ('20000000-0000-0000-0000-000000000006', 'platform.audit.read', 'PLATFORM', 'Read platform audit logs')
ON CONFLICT (identifier) DO NOTHING;

-- Tenant permissions
INSERT INTO identity.permissions (id, identifier, scope, description) VALUES
  ('20000000-0000-0000-0000-000000000101', 'tenant.members.read', 'TENANT', 'Read tenant members'),
  ('20000000-0000-0000-0000-000000000102', 'tenant.members.invite', 'TENANT', 'Invite tenant members'),
  ('20000000-0000-0000-0000-000000000103', 'tenant.members.manage', 'TENANT', 'Manage tenant members'),
  ('20000000-0000-0000-0000-000000000104', 'tenant.roles.assign', 'TENANT', 'Assign tenant roles'),
  ('20000000-0000-0000-0000-000000000105', 'tenant.organizations.read', 'TENANT', 'Read organizations'),
  ('20000000-0000-0000-0000-000000000106', 'tenant.organizations.manage', 'TENANT', 'Manage organizations'),
  ('20000000-0000-0000-0000-000000000107', 'tenant.entitlements.read', 'TENANT', 'Read entitlements'),
  ('20000000-0000-0000-0000-000000000108', 'tenant.entitlements.manage', 'TENANT', 'Manage entitlements'),
  ('20000000-0000-0000-0000-000000000109', 'tenant.features.read', 'TENANT', 'Read feature config'),
  ('20000000-0000-0000-0000-000000000110', 'tenant.features.manage', 'TENANT', 'Manage feature config'),
  ('20000000-0000-0000-0000-000000000111', 'tenant.audit.read', 'TENANT', 'Read tenant audit logs')
ON CONFLICT (identifier) DO NOTHING;

-- ─── Role-Permission Mappings ─────────────────────────────────────────────────

-- PLATFORM_ADMIN: all platform permissions
INSERT INTO identity.role_permissions (role_id, permission_id) VALUES
  ('10000000-0000-0000-0000-000000000001', '20000000-0000-0000-0000-000000000001'),
  ('10000000-0000-0000-0000-000000000001', '20000000-0000-0000-0000-000000000002'),
  ('10000000-0000-0000-0000-000000000001', '20000000-0000-0000-0000-000000000003'),
  ('10000000-0000-0000-0000-000000000001', '20000000-0000-0000-0000-000000000004'),
  ('10000000-0000-0000-0000-000000000001', '20000000-0000-0000-0000-000000000005'),
  ('10000000-0000-0000-0000-000000000001', '20000000-0000-0000-0000-000000000006')
ON CONFLICT DO NOTHING;

-- PLATFORM_AUDITOR: read-only platform access
INSERT INTO identity.role_permissions (role_id, permission_id) VALUES
  ('10000000-0000-0000-0000-000000000002', '20000000-0000-0000-0000-000000000001'),
  ('10000000-0000-0000-0000-000000000002', '20000000-0000-0000-0000-000000000003'),
  ('10000000-0000-0000-0000-000000000002', '20000000-0000-0000-0000-000000000006')
ON CONFLICT DO NOTHING;

-- TENANT_ADMIN: all tenant permissions
INSERT INTO identity.role_permissions (role_id, permission_id) VALUES
  ('10000000-0000-0000-0000-000000000003', '20000000-0000-0000-0000-000000000101'),
  ('10000000-0000-0000-0000-000000000003', '20000000-0000-0000-0000-000000000102'),
  ('10000000-0000-0000-0000-000000000003', '20000000-0000-0000-0000-000000000103'),
  ('10000000-0000-0000-0000-000000000003', '20000000-0000-0000-0000-000000000104'),
  ('10000000-0000-0000-0000-000000000003', '20000000-0000-0000-0000-000000000105'),
  ('10000000-0000-0000-0000-000000000003', '20000000-0000-0000-0000-000000000106'),
  ('10000000-0000-0000-0000-000000000003', '20000000-0000-0000-0000-000000000107'),
  ('10000000-0000-0000-0000-000000000003', '20000000-0000-0000-0000-000000000108'),
  ('10000000-0000-0000-0000-000000000003', '20000000-0000-0000-0000-000000000109'),
  ('10000000-0000-0000-0000-000000000003', '20000000-0000-0000-0000-000000000110'),
  ('10000000-0000-0000-0000-000000000003', '20000000-0000-0000-0000-000000000111')
ON CONFLICT DO NOTHING;

-- TENANT_OPERATOR: operational permissions
INSERT INTO identity.role_permissions (role_id, permission_id) VALUES
  ('10000000-0000-0000-0000-000000000004', '20000000-0000-0000-0000-000000000101'),
  ('10000000-0000-0000-0000-000000000004', '20000000-0000-0000-0000-000000000105'),
  ('10000000-0000-0000-0000-000000000004', '20000000-0000-0000-0000-000000000106'),
  ('10000000-0000-0000-0000-000000000004', '20000000-0000-0000-0000-000000000107'),
  ('10000000-0000-0000-0000-000000000004', '20000000-0000-0000-0000-000000000109'),
  ('10000000-0000-0000-0000-000000000004', '20000000-0000-0000-0000-000000000110')
ON CONFLICT DO NOTHING;

-- TENANT_AUDITOR: read-only tenant access
INSERT INTO identity.role_permissions (role_id, permission_id) VALUES
  ('10000000-0000-0000-0000-000000000005', '20000000-0000-0000-0000-000000000101'),
  ('10000000-0000-0000-0000-000000000005', '20000000-0000-0000-0000-000000000105'),
  ('10000000-0000-0000-0000-000000000005', '20000000-0000-0000-0000-000000000107'),
  ('10000000-0000-0000-0000-000000000005', '20000000-0000-0000-0000-000000000109'),
  ('10000000-0000-0000-0000-000000000005', '20000000-0000-0000-0000-000000000111')
ON CONFLICT DO NOTHING;
